email_signup,password,alias
bi_api123123@123flo.com,,cbad944424393cf309efaf0e70f1b125
,XNeiHwcdZep1DsZkfd3NzwHOPmNEECLSEP8tG+F/vN+y2Wj4sqlLHiqMpxo5JIulTdpdlbVD5z3bcElLGek/UsbLxb8prnAzX8uyHOpkbhK+qaRnaFMHCJec/HEQZHcdq5ekybEMwxrrq5JNUOJIU+2R3U6kTa5Cz+UyNUMirRM=,cbad944424393cf309efaf0e70f1b125
bi_api2@123flo.com,XNeiHwcdZep1DsZkfd3NzwHOPmNEECLSEP8tG+F/vN+y2Wj4sqlLHiqMpxo5JIulTdpdlbVD5z3bcElLGek/UsbLxb8prnAzX8uyHOpkbhK+qaRnaFMHCJec/HEQZHcdq5ekybEMwxrrq5JNUOJIU+2R3U6kTa5Cz+UyNUMirRM=,cbad944424393cf309efaf0e70f1b125
pi@123flo.com,XNeiHwcdZep1DsZkfd3NzwHOPmNEECLSEP8tG+F/vN+y2Wj4sqlLHiqMpxo5JIulTdpdlbVD5z3bcElLGek/UsbLxb8prnAzX8uyHOpkbhK+qaRnaFMHCJec/HEQZHcdq5ekybEMwxrrq5JNUOJIU+2R3U6kTa5Cz+UyNUMirRM=,cbad944424393cf309efaf0e70f1b125
bi_api2@123flo.com,ugr6+KfWjtKoNXTgeuMvlulbcv2FmWxw8AHMClZhomnQZ2FicBMsFN6CfupDI2ZfJDfnkTCdMgct+klccZ6RQ97vDGYxy9FZn1pWlztD9uEyAduxIVuXEtJ29mldwP1p0XlzjEZmKE3xMFbpaqifUWrUSTN1GP6s6OPkFMV0gtI=,cbad944424393cf309efaf0e70f1b125
bi_api2@123flo.com,ugr6+KfWjtKoNXTgeuMvlulbcv2FmWxw8AHMClZhomnQZ2FicBMsFN6CfupDI2ZfJDfnkTCdMgct+klccZ6RQ97vDGYxy9FZn1pWlztD9uEyAduxIVuXEtJ29mldwP1p0XlzjEZmKE3xMFbpaqifUWrUSTN1GP6s6OPkFMV0gtI=,cbad944424393cf309efaf0e70f1b125
bi_api2@123flo.com,yLfRmC1TgrjzW6Xc882a1NYk4zeTua0V5BKO3NsDKiDTALKVFdbbhl+UGDAwOiXqUXRPh66RIBAiR4Vq3M8zSMsGSPmmwKAhS+jE/BFQeanxiXhfjCHdONqJZXRP9OUDOG47OD9WglhpA1DP7uwm6ugTZzRLSHpa1xBt4lF+6GM=,cbad944424393cf309efaf0e70f1b125
pi123,XNeiHwcdZep1DsZkfd3NzwHOPmNEECLSEP8tG+F/vN+y2Wj4sqlLHiqMpxo5JIulTdpdlbVD5z3bcElLGek/UsbLxb8prnAzX8uyHOpkbhK+qaRnaFMHCJec/HEQZHcdq5ekybEMwxrrq5JNUOJIU+2R3U6kTa5Cz+UyNUMirRM=,cbad944424393cf309efaf0e70f1b125
pi(*123@123flo.com,XNeiHwcdZep1DsZkfd3NzwHOPmNEECLSEP8tG+F/vN+y2Wj4sqlLHiqMpxo5JIulTdpdlbVD5z3bcElLGek/UsbLxb8prnAzX8uyHOpkbhK+qaRnaFMHCJec/HEQZHcdq5ekybEMwxrrq5JNUOJIU+2R3U6kTa5Cz+UyNUMirRM=,cbad944424393cf309efaf0e70f1b125
pi_api@123flo.com,XNeiHwcdZep1DsZkfd3NzwHOPmNEECLSEP8tG+F/vN+y2Wj4sqlLHiqMpxo5JIulTdpdlbVD5z3bcElLGek/UsbLxb8prnAzX8uyHOpkbhK+qaRnaFMHCJec/HEQZHcdq5ekybEMwxrrq5JNUOJIU+2R3U6kTa5Cz+UyNUMirRM=,1.23123E+11
pi_api1@123flo.com,XNeiHwcdZep1DsZkfd3NzwHOPmNEECLSEP8tG+F/vN+y2Wj4sqlLHiqMpxo5JIulTdpdlbVD5z3bcElLGek/UsbLxb8prnAzX8uyHOpkbhK+qaRnaFMHCJec/HEQZHcdq5ekybEMwxrrq5JNUOJIU+2R3U6kTa5Cz+UyNUMirRM=,